Vi pp [mV];Vi pp err [mV];Vp pp [mV];Ip [mA];
364;10.92;300;3.025413473;
388;11.64;320;3.227107705;
408;12.24;340;3.428801936;
432;12.96;352;3.549818475;
456;13.68;368;3.71117386;
480;14.4;388;3.912868092;
496;14.88;404;4.074223477;
520;15.6;420;4.235578862;
540;16.2;440;4.437273094;
564;16.92;456;4.598628479;
584;17.52;468;4.719645018;
