Vp pp [mV];Vi pp [mV];Vi err pp [mV];Ii [mA];Ii err [mA]
300;364;10.92;3.670835014;0.113481161
320;388;11.64;3.912868092;0.120963435
340;408;12.24;4.114562324;0.127198664
352;432;12.96;4.356595401;0.134680938
368;456;13.68;4.598628479;0.142163213
388;480;14.4;4.840661557;0.149645487
404;496;14.88;5.002016942;0.15463367
420;520;15.6;5.24405002;0.162115944
440;540;16.2;5.445744252;0.168351173
456;564;16.92;5.68777733;0.175833447
468;584;17.52;5.889471561;0.182068676
